<?xml version="1.0" encoding="UTF-8"?>
<beans xmlns="http://www.springframework.org/schema/beans"
xmlns:xsi="http://www.w3.org/2001/XMLSchema-instance"
xmlns:context="http://www.springframework.org/schema/context"
xmlns:p="http://www.springframework.org/schema/p"
xsi:schemaLocation="http://www.springframework.org/schema/beans
http://www.springframework.org/schema/beans/spring-beans.xsd
http://www.springframework.org/schema/context
http://www.springframework.org/schema/context/spring-context.xsd">
  <bean class="com.spring.core.SpringCore.CI.Person" name="person1">
   <constructor-arg value="Rohit"/>
   <constructor-arg value="25" type="int"/>
   <constructor-arg ref="CertiRef"/>
   <constructor-arg>
   <list>
     <value>"cricket"</value>
     <value>"football"</value>
     <value>"hocky"</value>
   </list>
   </constructor-arg>
  </bean>
  <bean class="com.spring.core.SpringCore.CI.Certification" name="CertiRef">
      <constructor-arg value="ADHAR"/>
  </bean>
  <bean class="com.spring.core.SpringCore.CI.Addtion" name="add">
     <constructor-arg value="15" />
     <constructor-arg value="65" />
  </bean>
</beans>