<?xml version="1.0" encoding="UTF-8"?>
<beans xmlns="http://www.springframework.org/schema/beans"
xmlns:xsi="http://www.w3.org/2001/XMLSchema-instance"
xmlns:context="http://www.springframework.org/schema/context"
xmlns:p="http://www.springframework.org/schema/p"
xsi:schemaLocation="http://www.springframework.org/schema/beans
http://www.springframework.org/schema/beans/spring-beans.xsd
http://www.springframework.org/schema/context
http://www.springframework.org/schema/context/spring-context.xsd">
<context:annotation-config/>
<bean class="com.spring.core.SpringCore.AutoWiring.Annotation.Emp" name="emp1"/>
<bean class="com.spring.core.SpringCore.AutoWiring.Annotation.Address" name="address1">
  <property name="street" value="karanji"/>
  <property name="city" value="Ahmednagar"/>
</bean>
<bean class="com.spring.core.SpringCore.AutoWiring.Annotation.Address" name="address2">
  <property name="street" value="silicon-vally"/>
  <property name="city" value="california"/>
</bean>

</beans>