<?xml version="1.0" encoding="UTF-8"?>
<beans xmlns="http://www.springframework.org/schema/beans"
xmlns:xsi="http://www.w3.org/2001/XMLSchema-instance"
xmlns:context="http://www.springframework.org/schema/context"
xmlns:p="http://www.springframework.org/schema/p"
xsi:schemaLocation="http://www.springframework.org/schema/beans
http://www.springframework.org/schema/beans/spring-beans.xsd
http://www.springframework.org/schema/context
http://www.springframework.org/schema/context/spring-context.xsd">
<bean class="com.spring.core.SpringCore.collection.Employee" name="employee1">
  <property name="EmpName" value="rohit"/>
  <property name="phoneNos">
    <list>
       <value>"8600668541"</value>
       <value>"9762429357"</value>
       <value>"9657618435"</value>
    </list>
  </property>
  <property name="adresses">
       <set>
       <value>"Maharastra"</value>
       <value>"pune"</value>
       <value>"California"</value>
       </set>
  </property>
  <property name="Courses">
    <map>
      <entry key="FSD" value="2 month"/>
      <entry key="DSA" value="3 month"/>
    </map>
  </property>
</bean>
    
</beans>